crystalline,crystalline_0161.jpg
crystalline,crystalline_0162.jpg
crystalline,crystalline_0163.jpg
crystalline,crystalline_0164.jpg
crystalline,crystalline_0165.jpg
crystalline,crystalline_0166.jpg
crystalline,crystalline_0167.jpg
crystalline,crystalline_0168.jpg
crystalline,crystalline_0169.jpg
crystalline,crystalline_0170.jpg
crystalline,crystalline_0171.jpg
crystalline,crystalline_0172.jpg
crystalline,crystalline_0173.jpg
crystalline,crystalline_0174.jpg
crystalline,crystalline_0175.jpg
crystalline,crystalline_0176.jpg
crystalline,crystalline_0177.jpg
crystalline,crystalline_0178.jpg
crystalline,crystalline_0179.jpg
crystalline,crystalline_0180.jpg
crystalline,crystalline_0181.jpg
crystalline,crystalline_0182.jpg
crystalline,crystalline_0183.jpg
crystalline,crystalline_0184.jpg
crystalline,crystalline_0185.jpg
crystalline,crystalline_0186.jpg
crystalline,crystalline_0187.jpg
crystalline,crystalline_0188.jpg
crystalline,crystalline_0189.jpg
crystalline,crystalline_0190.jpg
crystalline,crystalline_0191.jpg
crystalline,crystalline_0192.jpg
crystalline,crystalline_0193.jpg
crystalline,crystalline_0194.jpg
crystalline,crystalline_0195.jpg
crystalline,crystalline_0196.jpg
test1,banded_0004.jpg
test1,blotchy_0100.jpg
test1,chequered_0017.jpg
test1,swirly_0119.jpg
test2,crystalline_0057.jpg
test2,crystalline_0102.jpg
test2,crystalline_0103.jpg
test2,crystalline_0104.jpg
test2,crystalline_0105.jpg
test2,crystalline_0106.jpg
test2,crystalline_0107.jpg
test2,crystalline_0108.jpg
test2,crystalline_0109.jpg
test2,crystalline_0110.jpg
test2,crystalline_0111.jpg
test2,crystalline_0112.jpg
test2,crystalline_0113.jpg
test2,crystalline_0114.jpg
test2,crystalline_0115.jpg
test2,crystalline_0116.jpg
test2,crystalline_0117.jpg
test2,crystalline_0118.jpg
test2,crystalline_0119.jpg
test2,crystalline_0120.jpg
test2,crystalline_0121.jpg
test2,crystalline_0122.jpg
test2,crystalline_0123.jpg
test2,crystalline_0124.jpg
test2,crystalline_0125.jpg
test2,crystalline_0126.jpg
test2,crystalline_0127.jpg
test2,crystalline_0128.jpg
test2,crystalline_0129.jpg
test2,crystalline_0130.jpg
test2,crystalline_0131.jpg
test2,crystalline_0132.jpg
test2,crystalline_0133.jpg
test2,crystalline_0134.jpg
test2,crystalline_0135.jpg
test2,crystalline_0136.jpg
test2,crystalline_0137.jpg
test2,crystalline_0138.jpg
test2,crystalline_0139.jpg
test2,crystalline_0140.jpg
test2,crystalline_0141.jpg
test2,crystalline_0142.jpg
test2,crystalline_0143.jpg
test2,crystalline_0144.jpg
test2,crystalline_0145.jpg
test2,crystalline_0146.jpg
test2,crystalline_0147.jpg
test2,crystalline_0148.jpg
test2,crystalline_0149.jpg
test2,crystalline_0150.jpg
test2,crystalline_0151.jpg
test2,crystalline_0152.jpg
test2,crystalline_0153.jpg
test2,crystalline_0154.jpg
test2,crystalline_0155.jpg
test2,crystalline_0156.jpg
test2,crystalline_0157.jpg
test2,crystalline_0158.jpg
test2,crystalline_0159.jpg
test2,crystalline_0160.jpg
test2,crystalline_0161.jpg
test2,crystalline_0162.jpg
test2,crystalline_0163.jpg
test2,crystalline_0164.jpg
test2,crystalline_0165.jpg
test2,crystalline_0166.jpg
test2,crystalline_0167.jpg
test2,crystalline_0168.jpg
test2,crystalline_0169.jpg
test2,crystalline_0170.jpg
test2,crystalline_0171.jpg
test2,crystalline_0172.jpg
test2,crystalline_0173.jpg
test2,crystalline_0174.jpg
test2,crystalline_0175.jpg
test2,crystalline_0176.jpg
test2,crystalline_0177.jpg
test2,crystalline_0178.jpg
test2,crystalline_0179.jpg
test2,crystalline_0180.jpg
test2,crystalline_0181.jpg
test2,crystalline_0182.jpg
test2,crystalline_0183.jpg
test2,crystalline_0184.jpg
test2,crystalline_0185.jpg
test2,crystalline_0186.jpg
test2,crystalline_0187.jpg
test2,crystalline_0188.jpg
test2,crystalline_0189.jpg
test2,crystalline_0190.jpg
test2,crystalline_0191.jpg
test2,crystalline_0192.jpg
test2,crystalline_0193.jpg
test2,crystalline_0194.jpg
test2,crystalline_0195.jpg
test2,crystalline_0196.jpg
test2,crystalline_0197.jpg
test2,crystalline_0198.jpg
test2,crystalline_0199.jpg
test2,crystalline_0200.jpg
test2,crystalline_0201.jpg
test2,crystalline_0202.jpg
test2,crystalline_0203.jpg
test2,crystalline_0204.jpg
test2,crystalline_0205.jpg
test2,crystalline_0206.jpg
test2,crystalline_0207.jpg
test2,crystalline_0208.jpg
test2,crystalline_0209.jpg
test2,crystalline_0210.jpg
test2,crystalline_0211.jpg
test2,crystalline_0212.jpg
test2,crystalline_0213.jpg
test2,crystalline_0214.jpg
test2,crystalline_0215.jpg
test2,crystalline_0216.jpg
test2,crystalline_0217.jpg
test2,crystalline_0218.jpg
test2,crystalline_0219.jpg
test2,crystalline_0220.jpg
test3,crystalline_0197.jpg
test3,crystalline_0198.jpg
test3,crystalline_0199.jpg
test3,crystalline_0200.jpg
test3,crystalline_0201.jpg
test3,crystalline_0202.jpg
test3,crystalline_0203.jpg
test3,crystalline_0204.jpg
test3,crystalline_0205.jpg
test3,crystalline_0206.jpg
test3,crystalline_0207.jpg
test3,crystalline_0208.jpg
test3,crystalline_0209.jpg
test3,crystalline_0210.jpg
test3,crystalline_0211.jpg
test3,crystalline_0212.jpg
test3,crystalline_0213.jpg
test3,crystalline_0214.jpg
test3,crystalline_0215.jpg
test3,crystalline_0216.jpg
test3,crystalline_0217.jpg
test3,crystalline_0218.jpg
test3,crystalline_0219.jpg
test3,crystalline_0220.jpg
